,Date,Job,Scenario,Area,Price,Fundamental Metric
0,2024-01-03,BC_Jan22_Aug24_G6WithRe...,Scenario_B,SYS,16.736082300996525,946.4395284033803
1,2024-01-04,BC_Jan22_Aug24_G6WithRe,Scenario_A,TKO,80.72497738904332,252.3508162980973
2,2024-01-08,BC_Jan22_Aug24_G6WithRe...,Scenario_A,SYS,0.054917638273710434,101.38038689845752
3,2024-01-12,BC_Jan22_Aug24_G6WithRe...,Scenario_B,HKR,55.99249001212064,944.5755437245631
4,2024-01-13,BC_Jan22_Aug24_G6WithRe...,Scenario_B,SYS,30.034501693353356,160.4694290247798
5,2024-01-14,BC_Jan22_Aug24_G6WithRe,Scenario_A,CHB,95.99158543312238,253.77729395572757
6,2024-01-18,BC_Jan22_Aug24_G6WithRe,Scenario_A,CHB,64.63834719200281,693.5410195684057
7,2024-01-21,BC_Jan22_Aug24_G6WithRe,Scenario_A,TKO,28.13139208190134,785.6806520033399
8,2024-01-24,BC_Jan22_Aug24_G6WithRe...,Scenario_B,HKR,6.175464609024395,297.4541441674139
9,2024-01-28,BC_Jan22_Aug24_G6WithRe,Scenario_B,HKD,75.55517896876893,255.3836722235866
10,2024-02-01,BC_Jan22_Aug24_G6WithRe,Scenario_B,CGK,64.61964624678288,588.2943704183549
11,2024-02-04,BC_Jan22_Aug24_G6WithRe...,Scenario_A,HKD,80.57163736289765,622.2995203460387
12,2024-02-07,BC_Jan22_Aug24_G6WithRe,Scenario_A,TKO,25.66239870613837,786.7880087252757
13,2024-02-09,BC_Jan22_Aug24_G6WithRe,Scenario_A,TKO,94.72302678039044,349.67679988203315
14,2024-02-11,BC_Jan22_Aug24_G6WithRe,Scenario_B,TKO,76.80959199190016,981.8264690893659
15,2024-02-12,BC_Jan22_Aug24_G6WithRe...,Scenario_A,KNS,75.85395127821944,335.3660286287822
16,2024-02-15,BC_Jan22_Aug24_G6WithRe,Scenario_A,KNS,47.28985890395967,315.416046053539
17,2024-02-19,BC_Jan22_Aug24_G6WithRe...,Scenario_A,HKD,36.698337283623374,226.53361044921695
18,2024-02-20,BC_Jan22_Aug24_G6WithRe,Scenario_A,HKR,44.379335566998094,345.59778031477407
19,2024-02-21,BC_Jan22_Aug24_G6WithRe,Scenario_B,CGK,90.92434020364529,94.58437592286906
20,2024-02-25,BC_Jan22_Aug24_G6WithRe,Scenario_B,CHB,20.63366077049321,847.2978535254204
21,2024-02-29,BC_Jan22_Aug24_G6WithRe...,Scenario_A,TKO,98.73038094288192,199.7600038837667
22,2024-03-01,BC_Jan22_Aug24_G6WithRe...,Scenario_A,CHB,85.92466782096652,914.3639523129074
23,2024-03-05,BC_Jan22_Aug24_G6WithRe,Scenario_A,HKR,35.303886180842646,578.7995531057971
24,2024-03-09,BC_Jan22_Aug24_G6WithRe...,Scenario_A,HKD,33.146646355565856,636.395199207274
25,2024-03-11,BC_Jan22_Aug24_G6WithRe...,Scenario_B,HKD,6.710462193304201,755.2092591137645
26,2024-03-13,BC_Jan22_Aug24_G6WithRe...,Scenario_A,HKD,55.17113641625133,62.957872186257255
27,2024-03-17,BC_Jan22_Aug24_G6WithRe...,Scenario_B,CHB,37.91387580804844,245.17267578200875
28,2024-03-19,BC_Jan22_Aug24_G6WithRe...,Scenario_A,CHB,21.33220837558526,63.74204718082199
29,2024-03-21,BC_Jan22_Aug24_G6WithRe,Scenario_B,TKO,45.13856957075758,888.4613959307997
30,2024-03-24,BC_Jan22_Aug24_G6WithRe...,Scenario_A,TKO,45.87748792545341,642.1662005974578
31,2024-03-28,BC_Jan22_Aug24_G6WithRe...,Scenario_B,HKR,30.059867501363723,101.71215327305482
32,2024-03-30,BC_Jan22_Aug24_G6WithRe...,Scenario_B,KNS,34.98382524620541,449.3533926623299
33,2024-04-03,BC_Jan22_Aug24_G6WithRe,Scenario_A,CGK,12.093643385205988,148.20206197260256
34,2024-04-06,BC_Jan22_Aug24_G6WithRe,Scenario_B,SYS,73.88105616179973,806.7626266126224
35,2024-04-09,BC_Jan22_Aug24_G6WithRe...,Scenario_A,KNS,35.82042555147942,893.8173690391235
36,2024-04-12,BC_Jan22_Aug24_G6WithRe...,Scenario_B,HKR,93.8868563238678,230.74262375071774
37,2024-04-15,BC_Jan22_Aug24_G6WithRe...,Scenario_A,HKR,16.011119462525482,468.3375793876632
38,2024-04-19,BC_Jan22_Aug24_G6WithRe...,Scenario_B,HKR,8.18614416714436,849.8581921678359
39,2024-04-22,BC_Jan22_Aug24_G6WithRe...,Scenario_A,TKO,28.345571232084954,666.694379917567
40,2024-04-23,BC_Jan22_Aug24_G6WithRe,Scenario_B,HKR,22.871519579202648,226.12370372112144
41,2024-04-26,BC_Jan22_Aug24_G6WithRe...,Scenario_A,SYS,14.743276013413297,439.4356653208977
42,2024-04-29,BC_Jan22_Aug24_G6WithRe...,Scenario_B,TKO,68.13562164858689,640.1254361061453
43,2024-04-30,BC_Jan22_Aug24_G6WithRe...,Scenario_B,HKD,26.72953707245924,501.6962125055695
44,2024-05-01,BC_Jan22_Aug24_G6WithRe...,Scenario_B,CGK,66.83379463414244,178.50078124713997
45,2024-05-02,BC_Jan22_Aug24_G6WithRe,Scenario_B,CGK,72.2915713944871,473.0368821381742
46,2024-05-06,BC_Jan22_Aug24_G6WithRe...,Scenario_A,TKO,46.75569291988712,401.84441537254656
47,2024-05-08,BC_Jan22_Aug24_G6WithRe,Scenario_B,KNS,58.75502904377581,722.8654014074231
48,2024-05-12,BC_Jan22_Aug24_G6WithRe,Scenario_A,KNS,21.779282718844893,954.8826289719676
49,2024-05-15,BC_Jan22_Aug24_G6WithRe...,Scenario_A,CHB,72.05355372676497,78.39861348305143
50,2024-05-17,BC_Jan22_Aug24_G6WithRe,Scenario_A,SYS,37.010797253644235,853.7590856617963
51,2024-05-20,BC_Jan22_Aug24_G6WithRe...,Scenario_B,HKR,89.3963468908904,898.0743285867869
52,2024-05-21,BC_Jan22_Aug24_G6WithRe,Scenario_A,KNS,60.511650460363796,259.397296488538
53,2024-05-23,BC_Jan22_Aug24_G6WithRe,Scenario_B,KNS,34.917756510058936,144.99646904613783
54,2024-05-25,BC_Jan22_Aug24_G6WithRe...,Scenario_A,SYS,0.9008485636276098,419.9563050741242
55,2024-05-26,BC_Jan22_Aug24_G6WithRe...,Scenario_A,TKO,92.66245044426448,526.8523794206253
56,2024-05-30,BC_Jan22_Aug24_G6WithRe,Scenario_A,HKR,85.08812931108625,727.079773106364
57,2024-06-01,BC_Jan22_Aug24_G6WithRe...,Scenario_A,CGK,59.4758531089573,25.349262813440966
58,2024-06-04,BC_Jan22_Aug24_G6WithRe...,Scenario_B,KNS,0.4284480446952732,731.9740747484332
59,2024-06-06,BC_Jan22_Aug24_G6WithRe,Scenario_A,TKO,92.93758441820606,656.0177122618628
60,2024-06-07,BC_Jan22_Aug24_G6WithRe...,Scenario_A,KNS,51.79468838692043,484.78441827926565
61,2024-06-11,BC_Jan22_Aug24_G6WithRe,Scenario_B,HKR,87.28503566407318,222.8154294668464
62,2024-06-14,BC_Jan22_Aug24_G6WithRe...,Scenario_A,SYS,5.129139379215131,861.2710484813908
63,2024-06-15,BC_Jan22_Aug24_G6WithRe,Scenario_A,TKO,9.838464702358385,216.83732074028873
64,2024-06-17,BC_Jan22_Aug24_G6WithRe,Scenario_A,TKO,42.181473862630014,289.81735458838676
65,2024-06-18,BC_Jan22_Aug24_G6WithRe...,Scenario_B,CHB,42.42593308173448,496.1659519540035
66,2024-06-22,BC_Jan22_Aug24_G6WithRe...,Scenario_A,CHB,93.55086472727989,962.7340105893873
67,2024-06-26,BC_Jan22_Aug24_G6WithRe,Scenario_B,HKD,99.94066609614116,936.2668917573836
68,2024-06-28,BC_Jan22_Aug24_G6WithRe...,Scenario_B,KNS,25.694932088673607,615.7350563093935
69,2024-06-29,BC_Jan22_Aug24_G6WithRe...,Scenario_A,KNS,81.84625937340996,200.00918596534245
70,2024-07-02,BC_Jan22_Aug24_G6WithRe...,Scenario_B,KNS,50.56167429830564,358.1183749765907
71,2024-07-03,BC_Jan22_Aug24_G6WithRe,Scenario_B,HKD,57.25351311976563,288.8541665363936
72,2024-07-04,BC_Jan22_Aug24_G6WithRe...,Scenario_B,CGK,0.5689837485896909,926.7457485158429
73,2024-07-05,BC_Jan22_Aug24_G6WithRe...,Scenario_A,CHB,25.342541612260938,219.47562562856325
74,2024-07-06,BC_Jan22_Aug24_G6WithRe,Scenario_A,CHB,16.47591750518782,251.61595223263456
75,2024-07-09,BC_Jan22_Aug24_G6WithRe,Scenario_B,KNS,98.08376092596092,8.918614850680463
76,2024-07-10,BC_Jan22_Aug24_G6WithRe,Scenario_A,CHB,89.08396305261589,640.1770443554719
77,2024-07-12,BC_Jan22_Aug24_G6WithRe...,Scenario_A,HKD,85.37986127514915,384.216035682524
78,2024-07-14,BC_Jan22_Aug24_G6WithRe...,Scenario_A,CGK,35.23368300468317,431.82130379713055
79,2024-07-18,BC_Jan22_Aug24_G6WithRe...,Scenario_B,CGK,81.47089307968038,483.3996923229096
80,2024-07-22,BC_Jan22_Aug24_G6WithRe,Scenario_A,HKD,33.22134009362261,378.5461330673724
81,2024-07-26,BC_Jan22_Aug24_G6WithRe...,Scenario_B,HKD,23.310557026020508,388.01280500474167
82,2024-07-30,BC_Jan22_Aug24_G6WithRe...,Scenario_A,KNS,27.485521525492263,709.7815579212205
83,2024-08-01,BC_Jan22_Aug24_G6WithRe,Scenario_A,HKR,92.0345743815244,360.36764175522404
84,2024-08-02,BC_Jan22_Aug24_G6WithRe...,Scenario_B,HKD,33.01723257534094,521.2891659782977
85,2024-08-03,BC_Jan22_Aug24_G6WithRe...,Scenario_B,HKR,20.085615081260645,935.8453287492289
86,2024-08-04,BC_Jan22_Aug24_G6WithRe...,Scenario_A,CGK,68.31305480142275,808.6957051900855
87,2024-08-07,BC_Jan22_Aug24_G6WithRe,Scenario_A,TKO,91.68172439754515,44.41951550093337
88,2024-08-08,BC_Jan22_Aug24_G6WithRe...,Scenario_B,HKD,91.77652106447842,873.6994006384019
89,2024-08-12,BC_Jan22_Aug24_G6WithRe...,Scenario_B,KNS,42.57529253653084,590.0840181293421
90,2024-08-16,BC_Jan22_Aug24_G6WithRe,Scenario_B,SYS,51.96285692705788,885.8524574592701
91,2024-08-18,BC_Jan22_Aug24_G6WithRe,Scenario_A,KNS,86.66897626476519,539.7215801760211
92,2024-08-21,BC_Jan22_Aug24_G6WithRe...,Scenario_A,CHB,46.3722537928774,10.340697821970224
93,2024-08-23,BC_Jan22_Aug24_G6WithRe,Scenario_B,TKO,4.56466007517462,282.93386598308325
94,2024-08-27,BC_Jan22_Aug24_G6WithRe...,Scenario_A,HKD,45.19234030618161,453.8420028842811
95,2024-08-30,BC_Jan22_Aug24_G6WithRe,Scenario_B,TKO,87.83773854976215,579.5177582526
96,2024-09-02,BC_Jan22_Aug24_G6WithRe,Scenario_B,CGK,8.509577046612648,987.0540156200293
97,2024-09-04,BC_Jan22_Aug24_G6WithRe,Scenario_A,TKO,24.215733538153962,408.7585122800307
98,2024-09-06,BC_Jan22_Aug24_G6WithRe...,Scenario_A,SYS,61.473171842345195,278.90191451257306
99,2024-09-07,BC_Jan22_Aug24_G6WithRe,Scenario_B,TKO,2.04849277925212,457.52259602642806
100,2024-09-09,BC_Jan22_Aug24_G6WithRe,Scenario_A,HKR,63.53445661474383,961.4610127930704
101,2024-09-10,BC_Jan22_Aug24_G6WithRe,Scenario_A,HKD,2.414574463296637,391.27935230658875
102,2024-09-11,BC_Jan22_Aug24_G6WithRe...,Scenario_B,CHB,27.78963506407528,626.3564883255865
103,2024-09-14,BC_Jan22_Aug24_G6WithRe...,Scenario_A,KNS,8.476222765085527,567.1329458731753
104,2024-09-18,BC_Jan22_Aug24_G6WithRe,Scenario_A,HKD,79.37273382295253,763.4782456479556
105,2024-09-21,BC_Jan22_Aug24_G6WithRe...,Scenario_A,TKO,83.8342064397861,904.9479238928086
106,2024-09-22,BC_Jan22_Aug24_G6WithRe,Scenario_B,HKD,28.93570427998261,392.39634485925
107,2024-09-23,BC_Jan22_Aug24_G6WithRe,Scenario_B,KNS,75.9060226906061,912.8693597780516
108,2024-09-27,BC_Jan22_Aug24_G6WithRe,Scenario_A,KNS,9.353666701948827,27.703434929396753
109,2024-09-29,BC_Jan22_Aug24_G6WithRe,Scenario_A,CGK,20.290493692522414,542.925834617834
110,2024-10-02,BC_Jan22_Aug24_G6WithRe,Scenario_A,HKD,70.24516512771964,280.62740095988823
111,2024-10-06,BC_Jan22_Aug24_G6WithRe,Scenario_B,KNS,97.68902838699407,548.0215459041991
112,2024-10-08,BC_Jan22_Aug24_G6WithRe,Scenario_A,KNS,52.835576198438005,524.9866486490731
113,2024-10-10,BC_Jan22_Aug24_G6WithRe...,Scenario_B,KNS,90.99359095008445,843.0522107318484
114,2024-10-11,BC_Jan22_Aug24_G6WithRe,Scenario_B,SYS,11.976468378576266,539.4789094349437
115,2024-10-15,BC_Jan22_Aug24_G6WithRe,Scenario_B,SYS,33.51848986678502,378.80341055937663
116,2024-10-16,BC_Jan22_Aug24_G6WithRe...,Scenario_B,SYS,46.76955562283599,535.8720351248131
117,2024-10-20,BC_Jan22_Aug24_G6WithRe...,Scenario_A,TKO,63.182895596803824,643.0984946557161
118,2024-10-21,BC_Jan22_Aug24_G6WithRe...,Scenario_A,CGK,65.19539503339608,844.7213932220618
119,2024-10-24,BC_Jan22_Aug24_G6WithRe...,Scenario_B,SYS,84.04012920660222,842.5630858991623
120,2024-10-26,BC_Jan22_Aug24_G6WithRe,Scenario_A,HKR,77.64133628452406,845.2524275765732
121,2024-10-30,BC_Jan22_Aug24_G6WithRe,Scenario_B,TKO,72.72958423160073,731.5197011796321
122,2024-11-03,BC_Jan22_Aug24_G6WithRe,Scenario_A,CHB,21.00755008794053,185.54949812606714
123,2024-11-06,BC_Jan22_Aug24_G6WithRe,Scenario_B,HKR,17.392927589005325,101.66462335302096
124,2024-11-08,BC_Jan22_Aug24_G6WithRe...,Scenario_A,HKR,37.05391044046321,777.5020090153023
125,2024-01-03,BC_Jan22_Aug24_G6WithRe...,Scenario_A,CGK,81.60386380367693,806.6295984081203
126,2024-01-04,BC_Jan22_Aug24_G6WithRe,Scenario_A,HKD,11.516237508015092,858.6872193472437
127,2024-01-08,BC_Jan22_Aug24_G6WithRe...,Scenario_B,CHB,25.413548354738747,601.9494553463343
128,2024-01-12,BC_Jan22_Aug24_G6WithRe...,Scenario_B,CGK,56.671922473828886,168.9324797443783
129,2024-01-13,BC_Jan22_Aug24_G6WithRe...,Scenario_B,CGK,21.072100232473034,263.6830930308702
130,2024-01-14,BC_Jan22_Aug24_G6WithRe...,Scenario_A,CGK,83.85455335706617,155.10300117042098
131,2024-01-18,BC_Jan22_Aug24_G6WithRe...,Scenario_B,CHB,90.01708600848177,930.6790300443039
132,2024-01-21,BC_Jan22_Aug24_G6WithRe...,Scenario_B,KNS,67.91244488062739,304.3020599051223
133,2024-01-24,BC_Jan22_Aug24_G6WithRe,Scenario_B,HKR,50.19879549871528,628.818448110621
134,2024-01-28,BC_Jan22_Aug24_G6WithRe...,Scenario_A,CGK,89.35645623107543,424.4298258319099
135,2024-02-01,BC_Jan22_Aug24_G6WithRe,Scenario_A,KNS,73.13408316185276,320.2117029558217
136,2024-02-04,BC_Jan22_Aug24_G6WithRe,Scenario_A,KNS,41.58207842519508,794.8905778038503
137,2024-02-07,BC_Jan22_Aug24_G6WithRe...,Scenario_A,HKD,36.10840742755885,749.3624055306096
138,2024-02-09,BC_Jan22_Aug24_G6WithRe,Scenario_B,HKD,16.873306988733063,967.732865584769
139,2024-02-11,BC_Jan22_Aug24_G6WithRe,Scenario_A,SYS,13.659419500113689,951.563196608175
140,2024-02-12,BC_Jan22_Aug24_G6WithRe,Scenario_A,TKO,3.3498927783216503,136.89062198609335
141,2024-02-15,BC_Jan22_Aug24_G6WithRe,Scenario_B,KNS,57.35296945392444,631.9703316809906
142,2024-02-19,BC_Jan22_Aug24_G6WithRe,Scenario_B,SYS,4.130750064934297,924.6876171963327
143,2024-02-20,BC_Jan22_Aug24_G6WithRe...,Scenario_B,SYS,16.800677142811292,820.2550254490603
144,2024-02-21,BC_Jan22_Aug24_G6WithRe...,Scenario_B,CHB,94.61406150246653,972.4743757959211
145,2024-02-25,BC_Jan22_Aug24_G6WithRe,Scenario_A,TKO,4.340371500419216,757.0418457858734
146,2024-02-29,BC_Jan22_Aug24_G6WithRe...,Scenario_A,CGK,43.75371352238256,201.41689347326897
147,2024-03-01,BC_Jan22_Aug24_G6WithRe...,Scenario_A,HKR,38.70727242706378,576.3716974698413
148,2024-03-05,BC_Jan22_Aug24_G6WithRe...,Scenario_A,KNS,76.89019293836066,499.6258299537186
149,2024-03-09,BC_Jan22_Aug24_G6WithRe,Scenario_B,HKR,96.08359770935935,935.1105511590783
150,2024-03-11,BC_Jan22_Aug24_G6WithRe...,Scenario_B,HKR,63.06858336316261,475.2288109696781
151,2024-03-13,BC_Jan22_Aug24_G6WithRe...,Scenario_B,HKR,54.85489640813566,936.0699351958119
152,2024-03-17,BC_Jan22_Aug24_G6WithRe...,Scenario_A,KNS,85.25031208100499,599.1002556943482
153,2024-03-19,BC_Jan22_Aug24_G6WithRe,Scenario_A,HKR,49.58978947679186,887.7707204796367
154,2024-03-21,BC_Jan22_Aug24_G6WithRe...,Scenario_B,SYS,1.7727713215532903,56.74910278621981
155,2024-03-24,BC_Jan22_Aug24_G6WithRe,Scenario_A,KNS,63.16205339650898,449.9990861258253
156,2024-03-28,BC_Jan22_Aug24_G6WithRe,Scenario_B,HKR,65.32665111007215,370.0460735354423
157,2024-03-30,BC_Jan22_Aug24_G6WithRe...,Scenario_B,HKR,96.12798055036801,983.1666956303746
158,2024-04-03,BC_Jan22_Aug24_G6WithRe,Scenario_B,HKR,53.974184796913484,390.87543223218734
159,2024-04-06,BC_Jan22_Aug24_G6WithRe,Scenario_B,HKR,54.65231403060638,231.0150682982419
160,2024-04-09,BC_Jan22_Aug24_G6WithRe,Scenario_B,CGK,54.35263595462313,955.936751132344
161,2024-04-12,BC_Jan22_Aug24_G6WithRe,Scenario_B,HKR,51.52773461090258,765.2961931715317
162,2024-04-15,BC_Jan22_Aug24_G6WithRe...,Scenario_A,CGK,50.395105273225006,472.7254977499333
163,2024-04-19,BC_Jan22_Aug24_G6WithRe,Scenario_B,TKO,98.00813935772676,546.9627180824182
164,2024-04-22,BC_Jan22_Aug24_G6WithRe,Scenario_B,SYS,30.202595213646642,602.8941206490725
165,2024-04-23,BC_Jan22_Aug24_G6WithRe...,Scenario_A,HKD,87.48479417723044,334.838606167291
166,2024-04-26,BC_Jan22_Aug24_G6WithRe,Scenario_A,HKD,41.4042627510945,535.2043464067146
167,2024-04-29,BC_Jan22_Aug24_G6WithRe,Scenario_B,HKD,28.29931608897106,341.8736397673122
168,2024-04-30,BC_Jan22_Aug24_G6WithRe...,Scenario_B,KNS,53.84041216401165,81.38991106150573
169,2024-05-01,BC_Jan22_Aug24_G6WithRe,Scenario_B,KNS,33.924610861808034,527.7587936960543
170,2024-05-02,BC_Jan22_Aug24_G6WithRe...,Scenario_A,CHB,89.47770080702959,583.1926008070012
171,2024-05-06,BC_Jan22_Aug24_G6WithRe...,Scenario_A,KNS,43.69631968528008,267.9680842433049
172,2024-05-08,BC_Jan22_Aug24_G6WithRe,Scenario_A,HKD,35.40146197792106,417.5753833773672
173,2024-05-12,BC_Jan22_Aug24_G6WithRe,Scenario_B,TKO,99.44898984946926,256.2868562952715
174,2024-05-15,BC_Jan22_Aug24_G6WithRe,Scenario_A,CHB,7.895588080013994,996.5752936496801
175,2024-05-17,BC_Jan22_Aug24_G6WithRe...,Scenario_B,SYS,45.668750299007755,51.741409609774244
176,2024-05-20,BC_Jan22_Aug24_G6WithRe,Scenario_A,HKR,23.577120094721337,216.99804078868922
177,2024-05-21,BC_Jan22_Aug24_G6WithRe,Scenario_A,CGK,46.21035800196406,700.9516826645136
178,2024-05-23,BC_Jan22_Aug24_G6WithRe...,Scenario_A,CGK,1.3265753320213514,482.87891264638404
179,2024-05-25,BC_Jan22_Aug24_G6WithRe,Scenario_B,SYS,52.94597957519356,17.472123855848398
180,2024-05-26,BC_Jan22_Aug24_G6WithRe...,Scenario_A,TKO,8.328924086264887,681.1907620615901
181,2024-05-30,BC_Jan22_Aug24_G6WithRe,Scenario_B,TKO,75.26286699701193,960.4052139439887
182,2024-06-01,BC_Jan22_Aug24_G6WithRe,Scenario_A,SYS,20.171600319835235,577.7965654290092
183,2024-06-04,BC_Jan22_Aug24_G6WithRe,Scenario_A,KNS,92.26379253234812,594.6953583949204
184,2024-06-06,BC_Jan22_Aug24_G6WithRe...,Scenario_A,CGK,67.74011822876564,217.35132179591577
185,2024-06-07,BC_Jan22_Aug24_G6WithRe...,Scenario_B,HKD,9.43560181076033,51.402817213971886
186,2024-06-11,BC_Jan22_Aug24_G6WithRe...,Scenario_B,CHB,71.20001818173051,598.7107104120603
187,2024-06-14,BC_Jan22_Aug24_G6WithRe...,Scenario_A,HKD,53.004479802767655,378.9255336103868
188,2024-06-15,BC_Jan22_Aug24_G6WithRe...,Scenario_B,HKD,77.23670946617118,23.755978427258185
189,2024-06-17,BC_Jan22_Aug24_G6WithRe...,Scenario_A,HKD,15.360904108623174,169.62492314894072
190,2024-06-18,BC_Jan22_Aug24_G6WithRe...,Scenario_A,CHB,26.89261327903395,535.4447411272789
191,2024-06-22,BC_Jan22_Aug24_G6WithRe...,Scenario_B,KNS,36.72535306841552,602.0662060253229
192,2024-06-26,BC_Jan22_Aug24_G6WithRe...,Scenario_B,CHB,91.46180962320531,846.4567691580074
193,2024-06-28,BC_Jan22_Aug24_G6WithRe...,Scenario_B,TKO,39.55375247495623,526.6512660484135
194,2024-06-29,BC_Jan22_Aug24_G6WithRe...,Scenario_B,HKR,28.020884664860056,804.089855995583
195,2024-07-02,BC_Jan22_Aug24_G6WithRe,Scenario_B,HKD,69.31275108429887,70.07461605219922
196,2024-07-03,BC_Jan22_Aug24_G6WithRe...,Scenario_B,KNS,32.36695234603126,577.9495967407802
197,2024-07-04,BC_Jan22_Aug24_G6WithRe,Scenario_B,HKR,68.07007055617755,625.1248334137596
198,2024-07-05,BC_Jan22_Aug24_G6WithRe,Scenario_B,CHB,62.887249607878445,78.29193104563603
199,2024-07-06,BC_Jan22_Aug24_G6WithRe,Scenario_A,HKR,60.803600414383276,42.46393452412267
200,2024-07-09,BC_Jan22_Aug24_G6WithRe...,Scenario_A,HKD,29.098337058598524,79.13432405992104
201,2024-07-10,BC_Jan22_Aug24_G6WithRe,Scenario_A,HKR,40.033055554961294,125.48668619901193
202,2024-07-12,BC_Jan22_Aug24_G6WithRe,Scenario_A,CHB,10.85111146395964,738.1915191343448
203,2024-07-14,BC_Jan22_Aug24_G6WithRe,Scenario_B,KNS,59.94443909289553,665.4937620309952
204,2024-07-18,BC_Jan22_Aug24_G6WithRe,Scenario_B,CGK,50.526368812209476,389.8327734349424
205,2024-07-22,BC_Jan22_Aug24_G6WithRe,Scenario_B,SYS,26.81280453423003,731.0761325507186
206,2024-07-26,BC_Jan22_Aug24_G6WithRe,Scenario_B,SYS,92.94401074278123,762.1047154425872
207,2024-07-30,BC_Jan22_Aug24_G6WithRe,Scenario_B,CGK,46.96570622143788,170.90415525519032
208,2024-08-01,BC_Jan22_Aug24_G6WithRe...,Scenario_A,SYS,68.76786377012075,63.18988296142447
209,2024-08-02,BC_Jan22_Aug24_G6WithRe,Scenario_A,CHB,92.48177473818183,479.4262071254607
210,2024-08-03,BC_Jan22_Aug24_G6WithRe,Scenario_B,SYS,70.00295129040046,82.34763930501498
211,2024-08-04,BC_Jan22_Aug24_G6WithRe,Scenario_A,HKD,52.07025756615372,721.0621933092847
212,2024-08-07,BC_Jan22_Aug24_G6WithRe,Scenario_A,HKR,29.795224858731885,732.0273692015631
213,2024-08-08,BC_Jan22_Aug24_G6WithRe,Scenario_A,CHB,20.249910641311452,20.210273963134462
214,2024-08-12,BC_Jan22_Aug24_G6WithRe,Scenario_A,HKR,4.578455760730938,256.0542081179582
215,2024-08-16,BC_Jan22_Aug24_G6WithRe...,Scenario_A,HKD,53.41728435198283,448.26825701082106
216,2024-08-18,BC_Jan22_Aug24_G6WithRe...,Scenario_B,HKR,2.17768437202277,883.9852301211286
217,2024-08-21,BC_Jan22_Aug24_G6WithRe...,Scenario_B,SYS,23.41893256875234,279.1084448842178
218,2024-08-23,BC_Jan22_Aug24_G6WithRe...,Scenario_B,CHB,53.770012083967465,535.6342514610819
219,2024-08-27,BC_Jan22_Aug24_G6WithRe...,Scenario_B,HKD,61.92870688907532,518.3141903514146
220,2024-08-30,BC_Jan22_Aug24_G6WithRe...,Scenario_B,HKD,80.38585737063654,713.5480284950103
221,2024-09-02,BC_Jan22_Aug24_G6WithRe...,Scenario_B,HKR,6.738265190729898,910.5378918943246
222,2024-09-04,BC_Jan22_Aug24_G6WithRe...,Scenario_A,KNS,66.78488153187,123.34739589991517
223,2024-09-06,BC_Jan22_Aug24_G6WithRe...,Scenario_B,CHB,35.338205036273585,230.30475238486946
224,2024-09-07,BC_Jan22_Aug24_G6WithRe...,Scenario_A,HKD,42.6711734603875,436.7015928510407
225,2024-09-09,BC_Jan22_Aug24_G6WithRe,Scenario_A,TKO,15.11051287578441,152.18091801267585
226,2024-09-10,BC_Jan22_Aug24_G6WithRe...,Scenario_A,HKD,0.42353831127547314,552.5661834472711
227,2024-09-11,BC_Jan22_Aug24_G6WithRe...,Scenario_B,SYS,94.27133122280576,927.5311200729797
228,2024-09-14,BC_Jan22_Aug24_G6WithRe...,Scenario_B,HKR,75.62004486806755,198.64891158250686
229,2024-09-18,BC_Jan22_Aug24_G6WithRe,Scenario_A,KNS,37.12940896817059,349.95743956828164
230,2024-09-21,BC_Jan22_Aug24_G6WithRe...,Scenario_A,KNS,10.185775243821904,389.25854907400725
231,2024-09-22,BC_Jan22_Aug24_G6WithRe...,Scenario_A,SYS,4.286575691922789,773.6089771419133
232,2024-09-23,BC_Jan22_Aug24_G6WithRe...,Scenario_A,TKO,55.90150736516567,50.658473654924265
233,2024-09-27,BC_Jan22_Aug24_G6WithRe,Scenario_A,CGK,83.27004348475984,578.6112183458146
234,2024-09-29,BC_Jan22_Aug24_G6WithRe,Scenario_A,TKO,93.31827877814295,38.01342323879054
235,2024-10-02,BC_Jan22_Aug24_G6WithRe,Scenario_A,HKD,50.56057534848644,188.33049373736188
236,2024-10-06,BC_Jan22_Aug24_G6WithRe...,Scenario_B,HKR,40.79093528544677,271.3760537813325
237,2024-10-08,BC_Jan22_Aug24_G6WithRe...,Scenario_A,HKD,4.312085368067365,563.9433473588496
238,2024-10-10,BC_Jan22_Aug24_G6WithRe,Scenario_B,HKD,49.94644740834282,512.9694720924907
239,2024-10-11,BC_Jan22_Aug24_G6WithRe,Scenario_A,HKD,64.90007342291484,497.47281524770904
240,2024-10-15,BC_Jan22_Aug24_G6WithRe,Scenario_A,HKD,14.024762608042163,5.107925914225597
241,2024-10-16,BC_Jan22_Aug24_G6WithRe,Scenario_B,CGK,95.957813300506,911.3081785596898
242,2024-10-20,BC_Jan22_Aug24_G6WithRe...,Scenario_B,HKR,96.36287845378864,214.78165575427366
243,2024-10-21,BC_Jan22_Aug24_G6WithRe,Scenario_B,SYS,42.54996469466346,679.3967085279012
244,2024-10-24,BC_Jan22_Aug24_G6WithRe,Scenario_A,HKR,2.30853488555095,906.3552296068501
245,2024-10-26,BC_Jan22_Aug24_G6WithRe,Scenario_B,CGK,20.780740465377857,73.22546329598335
246,2024-10-30,BC_Jan22_Aug24_G6WithRe...,Scenario_B,HKR,24.733583956541928,962.7402089907894
247,2024-11-03,BC_Jan22_Aug24_G6WithRe...,Scenario_A,CHB,34.70018911481709,64.84022270692213
248,2024-11-06,BC_Jan22_Aug24_G6WithRe...,Scenario_A,SYS,64.90565394083711,207.57451557462247
249,2024-11-08,BC_Jan22_Aug24_G6WithRe,Scenario_A,KNS,91.9945557140817,164.04999611819082
250,2024-01-03,BC_Jan22_Aug24_G6WithRe,Scenario_B,HKD,70.35280757174496,135.43753044401586
251,2024-01-04,BC_Jan22_Aug24_G6WithRe...,Scenario_B,HKR,38.15364911299663,400.52978521131257
252,2024-01-08,BC_Jan22_Aug24_G6WithRe,Scenario_B,SYS,21.875729270659217,556.0841377383246
253,2024-01-12,BC_Jan22_Aug24_G6WithRe...,Scenario_B,KNS,77.1861891153989,393.91616636404956
254,2024-01-13,BC_Jan22_Aug24_G6WithRe,Scenario_A,TKO,93.44496379384873,86.14867764798618
255,2024-01-14,BC_Jan22_Aug24_G6WithRe...,Scenario_A,CHB,92.00760364298888,37.043883032515936
256,2024-01-18,BC_Jan22_Aug24_G6WithRe,Scenario_B,KNS,68.93904919536496,462.20838264497297
257,2024-01-21,BC_Jan22_Aug24_G6WithRe...,Scenario_A,HKR,20.156052074999742,475.75476195071974
258,2024-01-24,BC_Jan22_Aug24_G6WithRe,Scenario_A,HKD,37.389786769418265,686.7773399089731
259,2024-01-28,BC_Jan22_Aug24_G6WithRe...,Scenario_B,HKD,69.63817201494417,895.4994409919193
260,2024-02-01,BC_Jan22_Aug24_G6WithRe...,Scenario_B,CGK,58.75004516771324,65.83423690742795
261,2024-02-04,BC_Jan22_Aug24_G6WithRe...,Scenario_A,TKO,63.25099282588028,354.3604444326437
262,2024-02-07,BC_Jan22_Aug24_G6WithRe...,Scenario_A,CHB,65.10680326186693,333.5249103107484
263,2024-02-09,BC_Jan22_Aug24_G6WithRe,Scenario_B,SYS,13.813306097306144,344.5051643570379
264,2024-02-11,BC_Jan22_Aug24_G6WithRe,Scenario_A,KNS,56.14970498466968,663.9701641550981
265,2024-02-12,BC_Jan22_Aug24_G6WithRe...,Scenario_A,CHB,30.37232165917273,799.5811351769154
266,2024-02-15,BC_Jan22_Aug24_G6WithRe...,Scenario_A,TKO,15.590504753316626,319.3871736731678
267,2024-02-19,BC_Jan22_Aug24_G6WithRe...,Scenario_B,SYS,55.684632468819785,18.220994960014615
268,2024-02-20,BC_Jan22_Aug24_G6WithRe...,Scenario_A,HKR,16.46570211228776,294.9430633548077
269,2024-02-21,BC_Jan22_Aug24_G6WithRe...,Scenario_B,HKD,98.79862027034706,194.45749643880472
270,2024-02-25,BC_Jan22_Aug24_G6WithRe,Scenario_B,TKO,90.82446147721025,126.43995104702499
271,2024-02-29,BC_Jan22_Aug24_G6WithRe,Scenario_B,HKD,65.13375896836567,121.03003521513678
272,2024-03-01,BC_Jan22_Aug24_G6WithRe...,Scenario_A,HKR,43.69802299360299,153.7001583597182
273,2024-03-05,BC_Jan22_Aug24_G6WithRe,Scenario_A,SYS,98.12087583266225,560.4257837935759
274,2024-03-09,BC_Jan22_Aug24_G6WithRe,Scenario_B,SYS,93.94478367937454,172.92214136979823
275,2024-03-11,BC_Jan22_Aug24_G6WithRe,Scenario_A,TKO,83.06755726884121,693.8290578044138
276,2024-03-13,BC_Jan22_Aug24_G6WithRe...,Scenario_A,TKO,21.81362752932393,85.9440019708566
277,2024-03-17,BC_Jan22_Aug24_G6WithRe...,Scenario_A,SYS,79.42248088221983,588.2352986146767
278,2024-03-19,BC_Jan22_Aug24_G6WithRe...,Scenario_B,KNS,98.1705245368078,415.26374033747794
279,2024-03-21,BC_Jan22_Aug24_G6WithRe,Scenario_B,CHB,82.4102712876472,868.3415592956952
280,2024-03-24,BC_Jan22_Aug24_G6WithRe,Scenario_A,TKO,47.73181354083044,566.9338448759452
281,2024-03-28,BC_Jan22_Aug24_G6WithRe...,Scenario_B,CHB,56.77825863210152,952.5491559673027
282,2024-03-30,BC_Jan22_Aug24_G6WithRe,Scenario_B,SYS,90.97835436413175,577.8910285806688
283,2024-04-03,BC_Jan22_Aug24_G6WithRe...,Scenario_A,HKR,8.556006221573298,690.2365349241926
284,2024-04-06,BC_Jan22_Aug24_G6WithRe...,Scenario_A,HKR,41.95855670990408,489.47563388904024
285,2024-04-09,BC_Jan22_Aug24_G6WithRe...,Scenario_B,CGK,1.4341346632454344,554.3035204582277
286,2024-04-12,BC_Jan22_Aug24_G6WithRe,Scenario_A,CHB,22.742128811108074,450.9133852710524
287,2024-04-15,BC_Jan22_Aug24_G6WithRe,Scenario_B,HKR,30.235399899779846,660.0319992773476
288,2024-04-19,BC_Jan22_Aug24_G6WithRe...,Scenario_B,SYS,29.480586076893033,609.020619252846
289,2024-04-22,BC_Jan22_Aug24_G6WithRe...,Scenario_B,HKR,16.44674475863326,772.8870574755957
290,2024-04-23,BC_Jan22_Aug24_G6WithRe...,Scenario_B,HKD,67.96918258543052,0.0637909419699545
291,2024-04-26,BC_Jan22_Aug24_G6WithRe,Scenario_B,TKO,51.008727852071566,138.38242530476953
292,2024-04-29,BC_Jan22_Aug24_G6WithRe,Scenario_B,SYS,21.843886555076296,73.68264058219209
293,2024-04-30,BC_Jan22_Aug24_G6WithRe,Scenario_A,KNS,37.24839159711401,326.3598108443954
294,2024-05-01,BC_Jan22_Aug24_G6WithRe,Scenario_B,CGK,68.88121108685411,874.9091470047468
295,2024-05-02,BC_Jan22_Aug24_G6WithRe...,Scenario_B,KNS,82.61514742133994,746.2258416589464
296,2024-05-06,BC_Jan22_Aug24_G6WithRe...,Scenario_B,HKD,63.46859243759357,420.3137353432717
297,2024-05-08,BC_Jan22_Aug24_G6WithRe,Scenario_B,KNS,13.34756588494127,40.67575299633708
298,2024-05-12,BC_Jan22_Aug24_G6WithRe,Scenario_A,CHB,11.341385777368219,828.9450643428879
299,2024-05-15,BC_Jan22_Aug24_G6WithRe...,Scenario_A,SYS,6.905365979289946,966.249427185929
300,2024-05-17,BC_Jan22_Aug24_G6WithRe...,Scenario_A,SYS,68.47881940317342,964.9877006656191
301,2024-05-20,BC_Jan22_Aug24_G6WithRe,Scenario_B,KNS,21.393067186157076,894.559254564152
302,2024-05-21,BC_Jan22_Aug24_G6WithRe,Scenario_A,TKO,73.46458896166183,917.9672350861306
303,2024-05-23,BC_Jan22_Aug24_G6WithRe,Scenario_B,KNS,82.35141262453836,882.3573129173677
304,2024-05-25,BC_Jan22_Aug24_G6WithRe...,Scenario_A,HKD,83.93719223243014,646.9383576858185
305,2024-05-26,BC_Jan22_Aug24_G6WithRe...,Scenario_B,KNS,74.94730483589083,654.3588101312581
306,2024-05-30,BC_Jan22_Aug24_G6WithRe,Scenario_B,KNS,74.19843004888172,145.6602306659861
307,2024-06-01,BC_Jan22_Aug24_G6WithRe,Scenario_A,KNS,84.9867451878602,168.97468212724354
308,2024-06-04,BC_Jan22_Aug24_G6WithRe...,Scenario_B,KNS,3.7281881998616595,477.6489121124253
309,2024-06-06,BC_Jan22_Aug24_G6WithRe...,Scenario_A,HKD,85.21421209172892,556.0016474026597
310,2024-06-07,BC_Jan22_Aug24_G6WithRe,Scenario_A,HKD,84.96069222839203,78.11876827221809
311,2024-06-11,BC_Jan22_Aug24_G6WithRe...,Scenario_A,HKR,65.18171050921548,983.5479052607294
312,2024-06-14,BC_Jan22_Aug24_G6WithRe...,Scenario_B,KNS,64.71568878424445,380.15068746895366
313,2024-06-15,BC_Jan22_Aug24_G6WithRe...,Scenario_B,TKO,33.64130712980774,593.2564461483091
314,2024-06-17,BC_Jan22_Aug24_G6WithRe,Scenario_B,HKR,24.14055088178203,632.9535155011475
315,2024-06-18,BC_Jan22_Aug24_G6WithRe...,Scenario_A,HKR,99.34150983806114,135.2562059186636
316,2024-06-22,BC_Jan22_Aug24_G6WithRe,Scenario_A,CHB,89.31151968136317,986.0545699708882
317,2024-06-26,BC_Jan22_Aug24_G6WithRe...,Scenario_A,SYS,34.80441745118096,949.827158478963
318,2024-06-28,BC_Jan22_Aug24_G6WithRe...,Scenario_A,SYS,6.312378783764405,773.166701612114
319,2024-06-29,BC_Jan22_Aug24_G6WithRe...,Scenario_A,HKR,1.340436515423149,348.58140956099317
320,2024-07-02,BC_Jan22_Aug24_G6WithRe...,Scenario_A,CGK,60.626187611356244,877.9901107431566
321,2024-07-03,BC_Jan22_Aug24_G6WithRe...,Scenario_B,HKD,59.71796580655829,414.0855505162537
322,2024-07-04,BC_Jan22_Aug24_G6WithRe...,Scenario_A,TKO,34.38699447429624,118.83513069642548
323,2024-07-05,BC_Jan22_Aug24_G6WithRe...,Scenario_A,HKD,58.51236181548424,795.0928661314316
324,2024-07-06,BC_Jan22_Aug24_G6WithRe...,Scenario_B,SYS,10.0198930871768,224.46051145609337
325,2024-07-09,BC_Jan22_Aug24_G6WithRe,Scenario_A,HKD,79.39337697737875,208.1070463287461
326,2024-07-10,BC_Jan22_Aug24_G6WithRe,Scenario_A,CHB,88.97307913142112,489.1308015477652
327,2024-07-12,BC_Jan22_Aug24_G6WithRe...,Scenario_B,CHB,87.35091510232908,73.75853162421664
328,2024-07-14,BC_Jan22_Aug24_G6WithRe,Scenario_B,HKR,57.408472859627324,292.81188066429985
329,2024-07-18,BC_Jan22_Aug24_G6WithRe...,Scenario_B,CGK,57.39369408245457,589.929071913245
330,2024-07-22,BC_Jan22_Aug24_G6WithRe,Scenario_A,CHB,51.789762822399624,41.250967696809695
331,2024-07-26,BC_Jan22_Aug24_G6WithRe,Scenario_A,HKD,64.89912046496727,665.4687291480238
332,2024-07-30,BC_Jan22_Aug24_G6WithRe,Scenario_B,HKD,73.1569843263677,569.7372782667255
333,2024-08-01,BC_Jan22_Aug24_G6WithRe...,Scenario_A,KNS,71.26133481481345,137.87504112524294
334,2024-08-02,BC_Jan22_Aug24_G6WithRe...,Scenario_B,HKD,91.05347894815338,401.5517579768028
335,2024-08-03,BC_Jan22_Aug24_G6WithRe...,Scenario_B,HKD,2.4621286615813864,412.27201469231267
336,2024-08-04,BC_Jan22_Aug24_G6WithRe...,Scenario_A,SYS,46.03105196422169,68.80844166120126
337,2024-08-07,BC_Jan22_Aug24_G6WithRe...,Scenario_B,CGK,45.04764264039793,498.1898954619252
338,2024-08-08,BC_Jan22_Aug24_G6WithRe...,Scenario_A,SYS,2.3634537596367466,389.10277211833136
339,2024-08-12,BC_Jan22_Aug24_G6WithRe,Scenario_A,HKR,72.08938368819324,922.3148857303869
340,2024-08-16,BC_Jan22_Aug24_G6WithRe,Scenario_B,SYS,90.16102144863838,172.26953452344097
341,2024-08-18,BC_Jan22_Aug24_G6WithRe,Scenario_A,SYS,90.88144268096758,636.4389583449135
342,2024-08-21,BC_Jan22_Aug24_G6WithRe...,Scenario_A,KNS,42.42474554367045,922.4854636910374
343,2024-08-23,BC_Jan22_Aug24_G6WithRe,Scenario_B,CGK,15.544769991757711,831.9752666366359
344,2024-08-27,BC_Jan22_Aug24_G6WithRe...,Scenario_B,KNS,4.46638502103156,389.6531009765054
345,2024-08-30,BC_Jan22_Aug24_G6WithRe...,Scenario_A,SYS,25.16533785229408,737.040653260537
346,2024-09-02,BC_Jan22_Aug24_G6WithRe,Scenario_A,TKO,40.78209676675307,61.67292188881846
347,2024-09-04,BC_Jan22_Aug24_G6WithRe...,Scenario_A,HKR,85.50317225759846,342.29860871263963
348,2024-09-06,BC_Jan22_Aug24_G6WithRe,Scenario_A,HKR,35.94442344550561,267.3223142529989
349,2024-09-07,BC_Jan22_Aug24_G6WithRe...,Scenario_B,KNS,91.19396852019108,869.2838118284822
350,2024-09-09,BC_Jan22_Aug24_G6WithRe,Scenario_B,KNS,96.61686262867407,204.67948581415607
351,2024-09-10,BC_Jan22_Aug24_G6WithRe...,Scenario_A,TKO,1.7290150307927576,6.495784697857276
352,2024-09-11,BC_Jan22_Aug24_G6WithRe,Scenario_B,CHB,89.65517415171267,684.9255289425404
353,2024-09-14,BC_Jan22_Aug24_G6WithRe...,Scenario_B,SYS,9.879533952306996,685.8581944095785
354,2024-09-18,BC_Jan22_Aug24_G6WithRe,Scenario_B,HKD,92.57711546463094,419.2917323777391
355,2024-09-21,BC_Jan22_Aug24_G6WithRe,Scenario_B,TKO,18.881428978094828,813.6590142366623
356,2024-09-22,BC_Jan22_Aug24_G6WithRe...,Scenario_A,CHB,31.86501362431935,633.5181593731245
357,2024-09-23,BC_Jan22_Aug24_G6WithRe,Scenario_B,SYS,17.15571313180829,910.1131467092486
358,2024-09-27,BC_Jan22_Aug24_G6WithRe,Scenario_B,HKR,0.47470153403234017,807.3254872194698
359,2024-09-29,BC_Jan22_Aug24_G6WithRe...,Scenario_A,HKD,66.54515270493239,890.8181914819058
360,2024-10-02,BC_Jan22_Aug24_G6WithRe...,Scenario_B,HKR,97.40005234677488,975.3038125472897
361,2024-10-06,BC_Jan22_Aug24_G6WithRe...,Scenario_A,KNS,65.89565738473678,314.61506175734286
362,2024-10-08,BC_Jan22_Aug24_G6WithRe,Scenario_A,CGK,29.43612695238934,823.968974711112
363,2024-10-10,BC_Jan22_Aug24_G6WithRe...,Scenario_B,TKO,51.62223215517309,499.1658340088647
364,2024-10-11,BC_Jan22_Aug24_G6WithRe,Scenario_B,TKO,39.760896539303225,561.5513447227182
365,2024-10-15,BC_Jan22_Aug24_G6WithRe,Scenario_A,SYS,34.56032688784575,506.954634716966
366,2024-10-16,BC_Jan22_Aug24_G6WithRe,Scenario_A,CHB,73.00180395109484,608.8379164691755
367,2024-10-20,BC_Jan22_Aug24_G6WithRe...,Scenario_A,KNS,10.904874757474946,638.8475839364808
368,2024-10-21,BC_Jan22_Aug24_G6WithRe,Scenario_A,SYS,50.49820612304159,339.1765954130107
369,2024-10-24,BC_Jan22_Aug24_G6WithRe,Scenario_A,KNS,4.260903858775689,400.2378789998016
370,2024-10-26,BC_Jan22_Aug24_G6WithRe...,Scenario_B,KNS,20.35105441103271,109.04732177869158
371,2024-10-30,BC_Jan22_Aug24_G6WithRe,Scenario_B,KNS,2.5202228993356113,643.0468166098225
372,2024-11-03,BC_Jan22_Aug24_G6WithRe...,Scenario_A,TKO,54.82811024038649,610.4285514375698
373,2024-11-06,BC_Jan22_Aug24_G6WithRe,Scenario_A,KNS,54.92238664986972,427.54815597183716
374,2024-11-08,BC_Jan22_Aug24_G6WithRe,Scenario_A,HKR,52.76261372716722,893.0561569653174
375,2024-01-03,BC_Jan22_Aug24_G6WithRe...,Scenario_A,KNS,7.679065696018805,458.50210300905337
376,2024-01-04,BC_Jan22_Aug24_G6WithRe...,Scenario_A,CGK,11.135215618116867,306.81953756711613
377,2024-01-08,BC_Jan22_Aug24_G6WithRe...,Scenario_A,KNS,97.2515218485312,837.5766853808166
378,2024-01-12,BC_Jan22_Aug24_G6WithRe,Scenario_A,TKO,36.197693641137676,785.0244287519691
379,2024-01-13,BC_Jan22_Aug24_G6WithRe...,Scenario_B,HKR,86.97132210024837,373.1441856914073
380,2024-01-14,BC_Jan22_Aug24_G6WithRe,Scenario_B,HKR,93.80923787267261,79.09841483846446
381,2024-01-18,BC_Jan22_Aug24_G6WithRe...,Scenario_B,TKO,1.5911091813165967,839.1930099128438
382,2024-01-21,BC_Jan22_Aug24_G6WithRe...,Scenario_A,CHB,31.261838912507145,676.1259607089717
383,2024-01-24,BC_Jan22_Aug24_G6WithRe,Scenario_A,TKO,89.00481656447344,300.59952995954495
384,2024-01-28,BC_Jan22_Aug24_G6WithRe...,Scenario_B,HKD,80.04319307864283,425.9182121436863
385,2024-02-01,BC_Jan22_Aug24_G6WithRe...,Scenario_B,HKR,81.7900285686479,809.4409215056402
386,2024-02-04,BC_Jan22_Aug24_G6WithRe,Scenario_A,CHB,1.2758558014368648,22.548069122945936
387,2024-02-07,BC_Jan22_Aug24_G6WithRe,Scenario_A,CGK,42.85305195307812,926.418512196483
388,2024-02-09,BC_Jan22_Aug24_G6WithRe,Scenario_B,TKO,48.91329395574186,451.77832590689803
389,2024-02-11,BC_Jan22_Aug24_G6WithRe,Scenario_A,SYS,77.7973839267016,111.74500866840576
390,2024-02-12,BC_Jan22_Aug24_G6WithRe,Scenario_A,CHB,50.98153243897626,339.1893638201797
391,2024-02-15,BC_Jan22_Aug24_G6WithRe...,Scenario_B,KNS,28.239093616455413,961.7374154164141
392,2024-02-19,BC_Jan22_Aug24_G6WithRe,Scenario_A,HKR,81.26592026709557,810.3200410340631
393,2024-02-20,BC_Jan22_Aug24_G6WithRe,Scenario_B,CHB,95.18779947036103,340.53337417141637
394,2024-02-21,BC_Jan22_Aug24_G6WithRe...,Scenario_A,HKR,9.31401713991673,501.4440001135689
395,2024-02-25,BC_Jan22_Aug24_G6WithRe,Scenario_A,TKO,9.240314265446292,20.63377231372754
396,2024-02-29,BC_Jan22_Aug24_G6WithRe...,Scenario_A,TKO,43.141400107519736,726.4705256439307
397,2024-03-01,BC_Jan22_Aug24_G6WithRe...,Scenario_A,HKR,54.13311831573107,987.3919396765866
398,2024-03-05,BC_Jan22_Aug24_G6WithRe,Scenario_B,TKO,40.450721021235815,949.6337380282819
399,2024-03-09,BC_Jan22_Aug24_G6WithRe...,Scenario_B,KNS,86.50954397691581,643.5835159867777
400,2024-03-11,BC_Jan22_Aug24_G6WithRe...,Scenario_B,SYS,44.35916832946483,606.6379695814932
401,2024-03-13,BC_Jan22_Aug24_G6WithRe...,Scenario_B,CHB,82.2652326031178,306.3457055452105
402,2024-03-17,BC_Jan22_Aug24_G6WithRe...,Scenario_B,CHB,63.18256965605465,267.6757135052299
403,2024-03-19,BC_Jan22_Aug24_G6WithRe,Scenario_A,SYS,56.717972440080246,259.0765122534775
404,2024-03-21,BC_Jan22_Aug24_G6WithRe,Scenario_B,HKD,99.13515344816862,177.74501559822676
405,2024-03-24,BC_Jan22_Aug24_G6WithRe...,Scenario_A,HKD,2.38853028996584,763.4412574098278
406,2024-03-28,BC_Jan22_Aug24_G6WithRe,Scenario_B,TKO,3.1514514226736123,557.6353100057601
407,2024-03-30,BC_Jan22_Aug24_G6WithRe...,Scenario_B,CGK,42.449521139064416,987.177608573311
408,2024-04-03,BC_Jan22_Aug24_G6WithRe...,Scenario_B,HKR,34.17319466222401,624.2253953444266
409,2024-04-06,BC_Jan22_Aug24_G6WithRe...,Scenario_B,HKR,9.27532314291214,679.3815246313037
410,2024-04-09,BC_Jan22_Aug24_G6WithRe...,Scenario_B,CHB,56.2489904022487,547.6822463512298
411,2024-04-12,BC_Jan22_Aug24_G6WithRe...,Scenario_B,HKR,67.01239261272971,623.3807179847423
412,2024-04-15,BC_Jan22_Aug24_G6WithRe,Scenario_A,HKR,35.91841008480935,640.803678031371
413,2024-04-19,BC_Jan22_Aug24_G6WithRe...,Scenario_B,KNS,75.74128202830538,719.5186158525036
414,2024-04-22,BC_Jan22_Aug24_G6WithRe,Scenario_A,SYS,97.61481113733865,891.3517749534033
415,2024-04-23,BC_Jan22_Aug24_G6WithRe...,Scenario_A,KNS,36.38108156633451,896.1958154304895
416,2024-04-26,BC_Jan22_Aug24_G6WithRe...,Scenario_B,TKO,16.68816579606429,644.8134274271641
417,2024-04-29,BC_Jan22_Aug24_G6WithRe,Scenario_A,KNS,63.26361464052827,723.7475056656872
418,2024-04-30,BC_Jan22_Aug24_G6WithRe...,Scenario_B,TKO,63.041012229112404,771.9373948690202
419,2024-05-01,BC_Jan22_Aug24_G6WithRe,Scenario_B,CHB,13.02017105576676,308.7178278256606
420,2024-05-02,BC_Jan22_Aug24_G6WithRe,Scenario_B,HKR,88.58095486222774,103.48508460299333
421,2024-05-06,BC_Jan22_Aug24_G6WithRe...,Scenario_B,CGK,97.46856493407199,9.778198487206847
422,2024-05-08,BC_Jan22_Aug24_G6WithRe,Scenario_B,TKO,88.64980845927494,817.2336092047315
423,2024-05-12,BC_Jan22_Aug24_G6WithRe...,Scenario_A,HKR,16.393832678481836,492.052237012087
424,2024-05-15,BC_Jan22_Aug24_G6WithRe...,Scenario_B,SYS,14.52353680314219,14.000058276672057
425,2024-05-17,BC_Jan22_Aug24_G6WithRe...,Scenario_A,TKO,32.51206616195709,56.73377160555759
426,2024-05-20,BC_Jan22_Aug24_G6WithRe,Scenario_A,KNS,3.9719640148704105,262.246059008264
427,2024-05-21,BC_Jan22_Aug24_G6WithRe,Scenario_A,TKO,49.338543644529956,104.43831532259718
428,2024-05-23,BC_Jan22_Aug24_G6WithRe...,Scenario_B,TKO,15.023199990613644,649.934541941695
429,2024-05-25,BC_Jan22_Aug24_G6WithRe...,Scenario_B,HKR,98.87471032397247,978.2023449734477
430,2024-05-26,BC_Jan22_Aug24_G6WithRe,Scenario_B,CGK,81.28087576715633,509.27976886893254
431,2024-05-30,BC_Jan22_Aug24_G6WithRe,Scenario_A,KNS,46.13864622474194,686.4886954192906
432,2024-06-01,BC_Jan22_Aug24_G6WithRe,Scenario_A,HKD,68.26022448461946,818.632497388303
433,2024-06-04,BC_Jan22_Aug24_G6WithRe...,Scenario_B,HKR,39.2596790705017,848.8307204733811
434,2024-06-06,BC_Jan22_Aug24_G6WithRe...,Scenario_B,CHB,58.85065663568856,2.965486908165671
435,2024-06-07,BC_Jan22_Aug24_G6WithRe...,Scenario_A,CGK,55.52881010478843,917.0651787722887
436,2024-06-11,BC_Jan22_Aug24_G6WithRe,Scenario_A,HKR,89.45381656015452,399.6530934624121
437,2024-06-14,BC_Jan22_Aug24_G6WithRe,Scenario_B,CGK,49.52121359895693,515.2540555466786
438,2024-06-15,BC_Jan22_Aug24_G6WithRe,Scenario_A,HKR,8.461196616110245,575.5389653686466
439,2024-06-17,BC_Jan22_Aug24_G6WithRe...,Scenario_B,SYS,50.17685390428056,941.9132857406343
440,2024-06-18,BC_Jan22_Aug24_G6WithRe...,Scenario_B,CHB,4.699715481361089,457.71952249848755
441,2024-06-22,BC_Jan22_Aug24_G6WithRe,Scenario_A,TKO,79.81722808197728,381.3622899050745
442,2024-06-26,BC_Jan22_Aug24_G6WithRe,Scenario_A,HKR,96.90375984828518,309.0360206445144
443,2024-06-28,BC_Jan22_Aug24_G6WithRe...,Scenario_A,SYS,91.63848417023935,753.0465867488376
444,2024-06-29,BC_Jan22_Aug24_G6WithRe,Scenario_B,HKR,51.41850259363234,575.6721119565788
445,2024-07-02,BC_Jan22_Aug24_G6WithRe,Scenario_A,TKO,43.850523277459274,831.5754572169755
446,2024-07-03,BC_Jan22_Aug24_G6WithRe,Scenario_A,CHB,71.37287954846113,198.6945835117767
447,2024-07-04,BC_Jan22_Aug24_G6WithRe...,Scenario_B,HKD,76.44378936778257,145.55371189213818
448,2024-07-05,BC_Jan22_Aug24_G6WithRe,Scenario_B,TKO,81.75810320480441,429.9687461572149
449,2024-07-06,BC_Jan22_Aug24_G6WithRe,Scenario_A,HKD,55.40032972564526,944.6764989735278
450,2024-07-09,BC_Jan22_Aug24_G6WithRe...,Scenario_A,KNS,2.4748319889611903,506.57260019522533
451,2024-07-10,BC_Jan22_Aug24_G6WithRe,Scenario_B,SYS,40.61265545954817,70.6897345033709
452,2024-07-12,BC_Jan22_Aug24_G6WithRe,Scenario_A,TKO,88.90681498537873,528.7978955955484
453,2024-07-14,BC_Jan22_Aug24_G6WithRe,Scenario_B,CGK,0.08755056116738213,856.8649430861666
454,2024-07-18,BC_Jan22_Aug24_G6WithRe,Scenario_A,TKO,74.96488878673954,481.4776732370992
455,2024-07-22,BC_Jan22_Aug24_G6WithRe...,Scenario_B,KNS,13.271697095260205,412.40944243204916
456,2024-07-26,BC_Jan22_Aug24_G6WithRe,Scenario_A,SYS,17.95891955963801,831.8945350807501
457,2024-07-30,BC_Jan22_Aug24_G6WithRe...,Scenario_A,HKD,86.95525412173879,513.6026705952855
458,2024-08-01,BC_Jan22_Aug24_G6WithRe...,Scenario_A,CHB,71.53216616568352,790.3991672018537
459,2024-08-02,BC_Jan22_Aug24_G6WithRe,Scenario_B,HKD,5.817524827028442,767.023825591639
460,2024-08-03,BC_Jan22_Aug24_G6WithRe...,Scenario_A,TKO,75.77542098571543,330.6882926850266
461,2024-08-04,BC_Jan22_Aug24_G6WithRe,Scenario_A,SYS,52.165585492492205,152.45827305177718
462,2024-08-07,BC_Jan22_Aug24_G6WithRe...,Scenario_B,HKR,79.47103721511785,282.0388868705788
463,2024-08-08,BC_Jan22_Aug24_G6WithRe...,Scenario_A,CGK,89.79335786831435,13.398485752118328
464,2024-08-12,BC_Jan22_Aug24_G6WithRe,Scenario_B,TKO,82.80379858382699,739.6587787977464
465,2024-08-16,BC_Jan22_Aug24_G6WithRe,Scenario_A,KNS,4.338286370404276,421.27743806577314
466,2024-08-18,BC_Jan22_Aug24_G6WithRe,Scenario_B,TKO,76.34367024938534,789.201026902043
467,2024-08-21,BC_Jan22_Aug24_G6WithRe...,Scenario_A,TKO,88.18389085825521,336.6171532930539
468,2024-08-23,BC_Jan22_Aug24_G6WithRe,Scenario_A,CHB,17.782278885084303,396.85958931256283
469,2024-08-27,BC_Jan22_Aug24_G6WithRe...,Scenario_A,HKD,91.38036482744208,420.3728095123749
470,2024-08-30,BC_Jan22_Aug24_G6WithRe...,Scenario_B,HKD,92.89451944117096,825.6524599525775
471,2024-09-02,BC_Jan22_Aug24_G6WithRe,Scenario_A,KNS,88.18065249211988,359.5043186633204
472,2024-09-04,BC_Jan22_Aug24_G6WithRe,Scenario_A,SYS,79.06124447430076,513.2436218845023
473,2024-09-06,BC_Jan22_Aug24_G6WithRe...,Scenario_A,CHB,5.606991564330743,681.5966800682485
474,2024-09-07,BC_Jan22_Aug24_G6WithRe,Scenario_A,KNS,2.716938758605847,877.8144027847582
475,2024-09-09,BC_Jan22_Aug24_G6WithRe,Scenario_A,SYS,42.8531724761002,836.8970255847947
476,2024-09-10,BC_Jan22_Aug24_G6WithRe,Scenario_A,HKD,9.648572407894761,118.51222560919183
477,2024-09-11,BC_Jan22_Aug24_G6WithRe,Scenario_B,SYS,78.677070765762,623.5717207505757
478,2024-09-14,BC_Jan22_Aug24_G6WithRe...,Scenario_A,HKR,46.94634671402458,122.07198770223415
479,2024-09-18,BC_Jan22_Aug24_G6WithRe...,Scenario_A,CHB,25.97780062347901,838.6132511236975
480,2024-09-21,BC_Jan22_Aug24_G6WithRe...,Scenario_B,CHB,12.68558455127783,44.8208474374231
481,2024-09-22,BC_Jan22_Aug24_G6WithRe...,Scenario_A,SYS,34.03049691119596,965.4793361320525
482,2024-09-23,BC_Jan22_Aug24_G6WithRe...,Scenario_B,CHB,55.34350760775476,882.1682769200384
483,2024-09-27,BC_Jan22_Aug24_G6WithRe,Scenario_B,CHB,65.71806019832961,803.6342575034798
484,2024-09-29,BC_Jan22_Aug24_G6WithRe,Scenario_A,HKR,55.78415424060863,841.8310337420938
485,2024-10-02,BC_Jan22_Aug24_G6WithRe...,Scenario_A,HKR,61.260509135889365,715.4036615802089
486,2024-10-06,BC_Jan22_Aug24_G6WithRe,Scenario_A,CHB,61.08392623726506,767.9059504849914
487,2024-10-08,BC_Jan22_Aug24_G6WithRe,Scenario_B,KNS,28.201364435834552,504.8873896870425
488,2024-10-10,BC_Jan22_Aug24_G6WithRe...,Scenario_B,TKO,52.001138102200365,181.99682285181805
489,2024-10-11,BC_Jan22_Aug24_G6WithRe...,Scenario_A,CHB,66.43526144724959,953.5147189942318
490,2024-10-15,BC_Jan22_Aug24_G6WithRe...,Scenario_A,SYS,55.16320479989212,132.51557514640888
491,2024-10-16,BC_Jan22_Aug24_G6WithRe...,Scenario_B,SYS,62.6419874110019,244.39103796427642
492,2024-10-20,BC_Jan22_Aug24_G6WithRe...,Scenario_A,SYS,64.05728076223201,688.5728901210165
493,2024-10-21,BC_Jan22_Aug24_G6WithRe,Scenario_B,CHB,44.03902246298374,70.1383577506206
494,2024-10-24,BC_Jan22_Aug24_G6WithRe,Scenario_B,SYS,26.323972472488745,967.4861578161326
495,2024-10-26,BC_Jan22_Aug24_G6WithRe,Scenario_A,KNS,27.74282152104356,910.3052757092368
496,2024-10-30,BC_Jan22_Aug24_G6WithRe...,Scenario_B,CHB,19.514052427674688,335.12302055433275
497,2024-11-03,BC_Jan22_Aug24_G6WithRe...,Scenario_A,CGK,67.7266177463299,408.8847623796372
498,2024-11-06,BC_Jan22_Aug24_G6WithRe...,Scenario_A,KNS,0.4190073488657964,27.057076421496795
499,2024-11-08,BC_Jan22_Aug24_G6WithRe...,Scenario_A,SYS,11.960947229422715,379.7614349539611
